rank	molecularFormula	adduct	precursorFormula	SiriusScore	TreeScore	IsotopeScore	numExplainedPeaks	explainedIntensity	medianMassErrorFragmentPeaks(ppm)	medianAbsoluteMassErrorFragmentPeaks(ppm)	massErrorPrecursor(ppm)	ionMass	retentionTimeInSeconds	id
1	C6H8O7	[M + H]+	C6H8O7	83.86936406100828	83.86936406100828	0.0	12	0.45901246488916225	1.011239635675341	1.011239635675341	0.10853982673912067	193.0343	647.8497	6_positive_features_FT0681
2	C4H9N3O2	[M + H]+	C4H9N3O2	69.67283748227173	69.67283748227173	0.0	13	0.7781591283723523	-0.061480332827106236	0.5755276836932696	-0.4011312407411527	132.0767	591.1869	1_positive_features_FT0320
3	C5H11NO2S	[M + H]+	C5H11NO2S	63.967795406688154	63.967795406688154	0.0	19	0.8770439772672977	-0.35292973554676554	0.7642927943438969	-0.17355981330053516	150.0583	460.563	2_positive_features_FT0405
4	C9H6O2	[M + H]+	C9H6O2	34.851022262560676	34.851022262560676	0.0	5	0.3323034899198453	-0.18015782066726474	0.31129795085184725	0.30001822206003714	147.0441	504.494	3_positive_features_FT0410
5	C4H8N2O3	[M + Na]+	C4H8N2O3	32.15008251584108	32.15008251584108	0.0	5	0.6076237268614517	-1.074452628322363	1.074452628322363	-0.08266168290103418	155.0427	675.4537	4_positive_features_FT0440
6	C4H7NO	[M + H]+	C4H7NO	26.092677222838773	26.092677222838773	0.0	4	0.5183584470583991	0.10256016487730561	0.7854220781782604	-0.3520344760445227	86.06001	550.1607	0_positive_features_FT0071
7	C6H9ClN2O2	[M + H]+	C6H9ClN2O2	14.570677851768265	14.570677851768265	0.0	4	0.11446027609996384	-2.1785967434763216	3.9097479383874676	5.469502746289226	177.0435	361.8627	5_positive_features_FT0568
