rank	molecularFormula	adduct	precursorFormula	SiriusScore	TreeScore	IsotopeScore	numExplainedPeaks	explainedIntensity	medianMassErrorFragmentPeaks(ppm)	medianAbsoluteMassErrorFragmentPeaks(ppm)	massErrorPrecursor(ppm)	ionMass	retentionTimeInSeconds	id
1	C6H8O7	[M - H]-	C6H8O7	80.30799643492054	80.30799643492054	0.0	10	0.5796238911698105	2.3479758818843344	2.3479758818843344	0.38664102125419225	191.0198	297.7828	5_negative_features_FT0762
2	C2H3NO5S	[M + Cl]-	C2H3NO5S	59.509038132487916	59.509038132487916	0.0	16	0.7887170855975945	-3.5248831180461346	3.5248831180461346	-4.22713791966995	187.9418	859.3789	4_negative_features_FT0715
3	C4H7NO4	[M - H]-	C4H7NO4	49.46273853017245	49.46273853017245	0.0	10	0.6285938841111919	1.9773069126819762	2.045425992493654	0.5206993435692301	132.0303	782.118	2_negative_features_FT0188
4	C9H11NO3	[M - H]-	C9H11NO3	41.756855369768346	41.756855369768346	0.0	9	0.19303805504102112	2.0787442307730775	2.396221503351745	-0.09307616983104369	180.0666	503.072	3_negative_features_FT0612
5	C2H4Cl2O4S	[M - H]-	C2H4Cl2O4S	35.94673909306166	35.94673909306166	0.0	9	0.4853380065581814	-10.280745412673378	10.280745412673378	-10.152406204142304	192.9115	544.451	6_negative_features_FT0786
6	C5H12N2O2	[M - H]-	C5H12N2O2	21.418745849207657	21.418745849207657	0.0	6	0.464568584091069	1.871611494663381	1.871611494663381	-0.0089402365068246	131.0826	796.2142	1_negative_features_FT0186
7	O3	[M + Cl]-	O3	17.73796568372689	17.73796568372689	0.0	3	0.38172078400286374	2.519698929596207	2.519698929596207	0.5410225877886357	82.95419	116.9676	0_negative_features_FT0028
